{
  "project_info": {
    "project_number": "82307657044",
    "firebase_url": "https://smdprojectfreelancingplatform.firebaseio.com",
    "project_id": "smdprojectfreelancingplatform",
    "storage_bucket": "smdprojectfreelancingplatform.appspot.com"
  },
  "client": [
    {
      "client_info": {
        "mobilesdk_app_id": "1:82307657044:android:e387e92af478ce39b2ecc1",
        "android_client_info": {
          "package_name": "com.tahaattique.smd_project_freelancingplatform"
        }
      },
      "oauth_client": [
        {
          "client_id": "82307657044-d1dgamdcdpfieo4j730buq3g43apt2u4.apps.googleusercontent.com",
          "client_type": 1,
          "android_info": {
            "package_name": "com.tahaattique.smd_project_freelancingplatform",
            "certificate_hash": "9ec2ed5109465223876bff32bbe0256b7e0d55b6"
          }
        },
        {
          "client_id": "82307657044-1qaanapv4pgkrlcaskm6smfv4r4fnjdn.apps.googleusercontent.com",
          "client_type": 3
        }
      ],
      "api_key": [
        {
          "current_key": "AIzaSyD2_aCVny62w45rvYqYFNZ4cuzyFPKyxsI"
        }
      ],
      "services": {
        "appinvite_service": {
          "other_platform_oauth_client": [
            {
              "client_id": "82307657044-1qaanapv4pgkrlcaskm6smfv4r4fnjdn.apps.googleusercontent.com",
              "client_type": 3
            }
          ]
        }
      }
    }
  ],
  "configuration_version": "1"
}